{"frozen_model":{"chart_c":0.4,"chart_gamma":0.7,"metric_k":0.6,"gauge_sigma":0.35,"transport_sigma":0.2},"samples":[{"x":[0.2,0.016000000000000004],"z":[0.2,0],"x_hat":[0.2,0.016000000000000004],"recon":0},{"x":[0.4,0.06400000000000002],"z":[0.4,0],"x_hat":[0.4,0.06400000000000002],"recon":0},{"x":[0.6,0.144],"z":[0.6,0],"x_hat":[0.6,0.144],"recon":0}]}